[
    { "district": 1, "area": "Raffles Place, Marina, Cecil, People’s Park", "postal_codes": ["01","02","03","04","05","06"], "region": "Central" },
    { "district": 2, "area": "Anson, Tanjong Pagar", "postal_codes": ["07","08"], "region": "Central" },
    { "district": 3, "area": "Queenstown, Tiong Bahru", "postal_codes": ["14","15","16"], "region": "Central" },
    { "district": 4, "area": "Telok Blangah, Harbourfront", "postal_codes": ["09","10"], "region": "Central" },
    { "district": 5, "area": "Pasir Panjang, Hong Leong Garden, Clementi New Town", "postal_codes": ["11","12","13"], "region": "West" },
    { "district": 6, "area": "High Street, Beach Road (part)", "postal_codes": ["17"], "region": "Central" },
    { "district": 7, "area": "Middle Road, Golden Mile", "postal_codes": ["18","19"], "region": "Central" },
    { "district": 8, "area": "Little India", "postal_codes": ["20","21"], "region": "Central" },
    { "district": 9, "area": "Orchard, Cairnhill, River Valley", "postal_codes": ["22","23"], "region": "Central" },
    { "district": 10, "area": "Ardmore, Bukit Timah, Holland Road, Tanglin", "postal_codes": ["24","25","26","27"], "region": "Central" },
    { "district": 11, "area": "Watten Estate, Novena, Thomson", "postal_codes": ["28","29","30"], "region": "Central" },
    { "district": 12, "area": "Balestier, Toa Payoh, Serangoon", "postal_codes": ["31","32","33"], "region": "Central" },
    { "district": 13, "area": "Macpherson, Braddell", "postal_codes": ["34","35","36","37"], "region": "Central" },
    { "district": 14, "area": "Geylang, Eunos", "postal_codes": ["38","39","40","41"], "region": "Central" },
    { "district": 15, "area": "Katong, Joo Chiat, Amber Road", "postal_codes": ["42","43","44","45"], "region": "East" },
    { "district": 16, "area": "Bedok, Upper East Coast, Eastwood, Kew Drive", "postal_codes": ["46","47","48"], "region": "East" },
    { "district": 17, "area": "Loyang, Changi", "postal_codes": ["49","50","81"], "region": "East" },
    { "district": 18, "area": "Tampines, Pasir Ris", "postal_codes": ["51","52"], "region": "East" },
    { "district": 19, "area": "Serangoon Garden, Hougang, Sengkang, Punggol", "postal_codes": ["53","54","55","82"], "region": "North-East" },
    { "district": 20, "area": "Bishan, Ang Mo Kio", "postal_codes": ["56","57"], "region": "North-East" },
    { "district": 21, "area": "Upper Bukit Timah, Clementi Park, Ulu Pandan", "postal_codes": ["58","59"], "region": "Central" },
    { "district": 22, "area": "Jurong", "postal_codes": ["60","61","62","63","64"], "region": "West" },
    { "district": 23, "area": "Hillview, Dairy Farm, Bukit Panjang, Choa Chu Kang", "postal_codes": ["65","66","67","68"], "region": "West" },
    { "district": 24, "area": "Lim Chu Kang, Tengah", "postal_codes": ["69","70","71"], "region": "North" },
    { "district": 25, "area": "Krangi, Woodgrove, Woodlands", "postal_codes": ["72","73"], "region": "North" },
    { "district": 26, "area": "Upper Thomson, Springleaf", "postal_codes": ["77","78"], "region": "Central" },
    { "district": 27, "area": "Yishun, Sembawang", "postal_codes": ["75","76"], "region": "North" },
    { "district": 28, "area": "Seletar", "postal_codes": ["79","80"], "region": "North-East" }
  ]
  